date,count,package
2020-08-01,66,palmerpenguins
2020-08-02,62,palmerpenguins
2020-08-03,80,palmerpenguins
2020-08-04,97,palmerpenguins
2020-08-05,68,palmerpenguins
2020-08-06,83,palmerpenguins
2020-08-07,96,palmerpenguins
2020-08-08,60,palmerpenguins
2020-08-09,35,palmerpenguins
2020-08-10,65,palmerpenguins
2020-08-11,70,palmerpenguins
2020-08-12,85,palmerpenguins
2020-08-13,61,palmerpenguins
2020-08-14,44,palmerpenguins
2020-08-15,28,palmerpenguins
2020-08-16,22,palmerpenguins
2020-08-17,127,palmerpenguins
2020-08-18,74,palmerpenguins
2020-08-19,121,palmerpenguins
2020-08-20,154,palmerpenguins
2020-08-21,63,palmerpenguins
2020-08-22,43,palmerpenguins
2020-08-23,42,palmerpenguins
2020-08-24,73,palmerpenguins
2020-08-25,78,palmerpenguins
2020-08-26,80,palmerpenguins
2020-08-27,114,palmerpenguins
2020-08-28,87,palmerpenguins
2020-08-29,72,palmerpenguins
2020-08-30,44,palmerpenguins
2020-08-31,101,palmerpenguins
2020-09-01,135,palmerpenguins
2020-09-02,164,palmerpenguins
2020-09-03,296,palmerpenguins
2020-09-04,146,palmerpenguins
2020-09-05,70,palmerpenguins
2020-09-06,68,palmerpenguins
2020-09-07,81,palmerpenguins
2020-09-08,171,palmerpenguins
2020-09-09,234,palmerpenguins
2020-09-10,282,palmerpenguins
2020-09-11,197,palmerpenguins
2020-09-12,102,palmerpenguins
2020-09-13,153,palmerpenguins
2020-09-14,204,palmerpenguins
2020-09-15,749,palmerpenguins
2020-09-16,418,palmerpenguins
2020-09-17,374,palmerpenguins
2020-09-18,308,palmerpenguins
2020-09-19,251,palmerpenguins
2020-09-20,207,palmerpenguins
2020-09-21,267,palmerpenguins
2020-09-22,423,palmerpenguins
2020-09-23,794,palmerpenguins
2020-09-24,369,palmerpenguins
2020-09-25,422,palmerpenguins
2020-09-26,214,palmerpenguins
2020-09-27,331,palmerpenguins
2020-09-28,375,palmerpenguins
2020-09-29,324,palmerpenguins
2020-09-30,358,palmerpenguins
2020-10-01,325,palmerpenguins
2020-10-02,304,palmerpenguins
2020-10-03,205,palmerpenguins
2020-10-04,327,palmerpenguins
2020-10-05,352,palmerpenguins
2020-10-06,612,palmerpenguins
2020-10-07,518,palmerpenguins
2020-10-08,696,palmerpenguins
2020-10-09,420,palmerpenguins
2020-10-10,172,palmerpenguins
2020-10-11,185,palmerpenguins
2020-10-12,360,palmerpenguins
2020-10-13,534,palmerpenguins
2020-10-14,255,palmerpenguins
2020-10-15,339,palmerpenguins
2020-10-16,360,palmerpenguins
2020-10-17,135,palmerpenguins
2020-10-18,165,palmerpenguins
2020-10-19,359,palmerpenguins
2020-10-20,335,palmerpenguins
2020-10-21,329,palmerpenguins
2020-10-22,308,palmerpenguins
2020-10-23,240,palmerpenguins
2020-10-24,218,palmerpenguins
2020-10-25,189,palmerpenguins
2020-10-26,344,palmerpenguins
2020-10-27,282,palmerpenguins
2020-10-28,247,palmerpenguins
2020-10-29,306,palmerpenguins
2020-10-30,298,palmerpenguins
2020-10-31,188,palmerpenguins
2020-11-01,182,palmerpenguins
2020-11-02,307,palmerpenguins
2020-11-03,339,palmerpenguins
2020-11-04,263,palmerpenguins
2020-11-05,211,palmerpenguins
2020-11-06,254,palmerpenguins
2020-11-07,131,palmerpenguins
2020-11-08,145,palmerpenguins
2020-11-09,286,palmerpenguins
2020-11-10,414,palmerpenguins
2020-11-11,499,palmerpenguins
2020-11-12,466,palmerpenguins
2020-11-13,343,palmerpenguins
2020-11-14,189,palmerpenguins
2020-11-15,258,palmerpenguins
2020-11-16,384,palmerpenguins
2020-11-17,429,palmerpenguins
2020-11-18,281,palmerpenguins
2020-11-19,286,palmerpenguins
2020-11-20,292,palmerpenguins
2020-11-21,126,palmerpenguins
2020-11-22,150,palmerpenguins
2020-11-23,297,palmerpenguins
2020-11-24,373,palmerpenguins
2020-11-25,186,palmerpenguins
2020-11-26,205,palmerpenguins
2020-11-27,153,palmerpenguins
2020-11-28,120,palmerpenguins
2020-11-29,143,palmerpenguins
2020-11-30,338,palmerpenguins
2020-12-01,453,palmerpenguins
2020-12-02,384,palmerpenguins
2020-12-03,372,palmerpenguins
2020-12-04,353,palmerpenguins
2020-12-05,126,palmerpenguins
2020-12-06,151,palmerpenguins
2020-12-07,274,palmerpenguins
2020-12-08,358,palmerpenguins
2020-12-09,428,palmerpenguins
2020-12-10,355,palmerpenguins
2020-12-11,331,palmerpenguins
2020-12-12,144,palmerpenguins
2020-12-13,214,palmerpenguins
2020-12-14,276,palmerpenguins
2020-12-15,389,palmerpenguins
2020-12-16,279,palmerpenguins
2020-12-17,287,palmerpenguins
2020-12-18,167,palmerpenguins
2020-12-19,95,palmerpenguins
2020-12-20,96,palmerpenguins
2020-12-21,229,palmerpenguins
2020-12-22,213,palmerpenguins
2020-12-23,101,palmerpenguins
2020-12-24,136,palmerpenguins
2020-12-25,57,palmerpenguins
2020-12-26,152,palmerpenguins
2020-12-27,161,palmerpenguins
2020-12-28,109,palmerpenguins
2020-12-29,116,palmerpenguins
2020-12-30,132,palmerpenguins
2020-12-31,110,palmerpenguins
2021-01-01,55,palmerpenguins
2021-01-02,82,palmerpenguins
2021-01-03,159,palmerpenguins
2021-01-04,203,palmerpenguins
2021-01-05,291,palmerpenguins
2021-01-06,211,palmerpenguins
2021-01-07,191,palmerpenguins
2021-01-08,255,palmerpenguins
2021-01-09,136,palmerpenguins
2021-01-10,256,palmerpenguins
2021-01-11,540,palmerpenguins
2021-01-12,974,palmerpenguins
2021-01-13,1086,palmerpenguins
2021-01-14,476,palmerpenguins
2021-01-15,390,palmerpenguins
2021-01-16,387,palmerpenguins
2021-01-17,353,palmerpenguins
2021-01-18,629,palmerpenguins
2021-01-19,911,palmerpenguins
2021-01-20,345,palmerpenguins
2021-01-21,507,palmerpenguins
2021-01-22,454,palmerpenguins
2021-01-23,297,palmerpenguins
2021-01-24,308,palmerpenguins
2021-01-25,480,palmerpenguins
2021-01-26,455,palmerpenguins
2021-01-27,459,palmerpenguins
2021-01-28,745,palmerpenguins
2021-01-29,644,palmerpenguins
2021-01-30,441,palmerpenguins
2021-01-31,354,palmerpenguins
2021-02-01,897,palmerpenguins
2021-02-02,684,palmerpenguins
2021-02-03,693,palmerpenguins
2021-02-04,564,palmerpenguins
2021-02-05,639,palmerpenguins
2021-02-06,267,palmerpenguins
2021-02-07,329,palmerpenguins
2021-02-08,646,palmerpenguins
2021-02-09,546,palmerpenguins
2021-02-10,533,palmerpenguins
2021-02-11,555,palmerpenguins
2021-02-12,536,palmerpenguins
2021-02-13,278,palmerpenguins
2021-02-14,259,palmerpenguins
2021-02-15,440,palmerpenguins
2021-02-16,524,palmerpenguins
2021-02-17,464,palmerpenguins
2021-02-18,591,palmerpenguins
2021-02-19,421,palmerpenguins
2021-02-20,221,palmerpenguins
2021-02-21,243,palmerpenguins
2021-02-22,512,palmerpenguins
2021-02-23,692,palmerpenguins
2021-02-24,690,palmerpenguins
2021-02-25,624,palmerpenguins
2021-02-26,545,palmerpenguins
2021-02-27,341,palmerpenguins
2021-02-28,284,palmerpenguins
2021-03-01,797,palmerpenguins
2021-03-02,574,palmerpenguins
2021-03-03,558,palmerpenguins
2021-03-04,528,palmerpenguins
2021-03-05,650,palmerpenguins
2021-03-06,598,palmerpenguins
2021-03-07,648,palmerpenguins
2021-03-08,1224,palmerpenguins
2021-03-09,759,palmerpenguins
2021-03-10,943,palmerpenguins
2021-03-11,1053,palmerpenguins
2021-03-12,920,palmerpenguins
2021-03-13,552,palmerpenguins
2021-03-14,579,palmerpenguins
2021-03-15,899,palmerpenguins
2021-03-16,844,palmerpenguins
2021-03-17,777,palmerpenguins
2021-03-18,826,palmerpenguins
2021-03-19,725,palmerpenguins
2021-03-20,524,palmerpenguins
2021-03-21,564,palmerpenguins
2021-03-22,794,palmerpenguins
2021-03-23,766,palmerpenguins
2021-03-24,782,palmerpenguins
2021-03-25,891,palmerpenguins
2021-03-26,753,palmerpenguins
2021-03-27,469,palmerpenguins
2021-03-28,560,palmerpenguins
2021-03-29,785,palmerpenguins
2021-03-30,838,palmerpenguins
2021-03-31,803,palmerpenguins
2021-04-01,697,palmerpenguins
2021-04-02,541,palmerpenguins
2021-04-03,421,palmerpenguins
2021-04-04,377,palmerpenguins
2021-04-05,629,palmerpenguins
2021-04-06,704,palmerpenguins
2021-04-07,730,palmerpenguins
2021-04-08,919,palmerpenguins
2021-04-09,697,palmerpenguins
2021-04-10,497,palmerpenguins
2021-04-11,463,palmerpenguins
2021-04-12,707,palmerpenguins
2021-04-13,679,palmerpenguins
2021-04-14,820,palmerpenguins
2021-04-15,852,palmerpenguins
2021-04-16,782,palmerpenguins
2021-04-17,556,palmerpenguins
2021-04-18,613,palmerpenguins
2021-04-19,795,palmerpenguins
2021-04-20,850,palmerpenguins
2021-04-21,832,palmerpenguins
2021-04-22,935,palmerpenguins
2021-04-23,800,palmerpenguins
2021-04-24,632,palmerpenguins
2021-04-25,549,palmerpenguins
2021-04-26,849,palmerpenguins
2021-04-27,825,palmerpenguins
2021-04-28,820,palmerpenguins
2021-04-29,749,palmerpenguins
2021-04-30,754,palmerpenguins
2021-05-01,432,palmerpenguins
2021-05-02,462,palmerpenguins
2021-05-03,660,palmerpenguins
2021-05-04,784,palmerpenguins
2021-05-05,774,palmerpenguins
2021-05-06,789,palmerpenguins
2021-05-07,800,palmerpenguins
2021-05-08,610,palmerpenguins
2021-05-09,525,palmerpenguins
2021-05-10,677,palmerpenguins
2021-05-11,692,palmerpenguins
2021-05-12,837,palmerpenguins
2021-05-13,773,palmerpenguins
2021-05-14,690,palmerpenguins
2021-05-15,504,palmerpenguins
2021-05-16,629,palmerpenguins
2021-05-17,917,palmerpenguins
2021-05-18,879,palmerpenguins
2021-05-19,1062,palmerpenguins
2021-05-20,1005,palmerpenguins
2021-05-21,869,palmerpenguins
2021-05-22,527,palmerpenguins
2021-05-23,539,palmerpenguins
2021-05-24,826,palmerpenguins
2021-05-25,897,palmerpenguins
2021-05-26,836,palmerpenguins
2021-05-27,738,palmerpenguins
2021-05-28,697,palmerpenguins
2021-05-29,586,palmerpenguins
2021-05-30,531,palmerpenguins
2021-05-31,743,palmerpenguins
2021-06-01,918,palmerpenguins
2021-06-02,773,palmerpenguins
2021-06-03,791,palmerpenguins
2021-06-04,714,palmerpenguins
2021-06-05,543,palmerpenguins
2021-06-06,488,palmerpenguins
2021-06-07,767,palmerpenguins
2021-06-08,898,palmerpenguins
2021-06-09,744,palmerpenguins
2021-06-10,830,palmerpenguins
2021-06-11,737,palmerpenguins
2021-06-12,515,palmerpenguins
2021-06-13,596,palmerpenguins
2021-06-14,814,palmerpenguins
2021-06-15,939,palmerpenguins
2021-06-16,839,palmerpenguins
2021-06-17,784,palmerpenguins
2021-06-18,674,palmerpenguins
2021-06-19,551,palmerpenguins
2021-06-20,596,palmerpenguins
2021-06-21,812,palmerpenguins
2021-06-22,1088,palmerpenguins
2021-06-23,974,palmerpenguins
2021-06-24,855,palmerpenguins
2021-06-25,777,palmerpenguins
2021-06-26,608,palmerpenguins
2021-06-27,765,palmerpenguins
2021-06-28,980,palmerpenguins
2021-06-29,812,palmerpenguins
2021-06-30,811,palmerpenguins
2021-07-01,844,palmerpenguins
2021-07-02,686,palmerpenguins
2021-07-03,675,palmerpenguins
2021-07-04,684,palmerpenguins
2021-07-05,803,palmerpenguins
2021-07-06,907,palmerpenguins
2021-07-07,967,palmerpenguins
2021-07-08,859,palmerpenguins
2021-07-09,763,palmerpenguins
2021-07-10,577,palmerpenguins
2021-07-11,500,palmerpenguins
2021-07-12,1020,palmerpenguins
2021-07-13,906,palmerpenguins
2021-07-14,853,palmerpenguins
2021-07-15,949,palmerpenguins
2021-07-16,671,palmerpenguins
2021-07-17,496,palmerpenguins
2021-07-18,569,palmerpenguins
2021-07-19,800,palmerpenguins
2021-07-20,872,palmerpenguins
2021-07-21,1024,palmerpenguins
2021-07-22,961,palmerpenguins
2021-07-23,784,palmerpenguins
2021-07-24,572,palmerpenguins
2021-07-25,644,palmerpenguins
2021-07-26,1290,palmerpenguins
2021-07-27,1106,palmerpenguins
2021-07-28,880,palmerpenguins
2021-07-29,813,palmerpenguins
2021-07-30,849,palmerpenguins
2021-07-31,596,palmerpenguins
2021-08-01,647,palmerpenguins
2021-08-02,886,palmerpenguins
2021-08-03,889,palmerpenguins
2021-08-04,1008,palmerpenguins
2021-08-05,916,palmerpenguins
2021-08-06,745,palmerpenguins
2021-08-07,461,palmerpenguins
2021-08-08,579,palmerpenguins
2021-08-09,1279,palmerpenguins
2021-08-10,1146,palmerpenguins
2021-08-11,989,palmerpenguins
2021-08-12,931,palmerpenguins
2021-08-13,750,palmerpenguins
2021-08-14,468,palmerpenguins
2021-08-15,460,palmerpenguins
2021-08-16,859,palmerpenguins
2021-08-17,746,palmerpenguins
2021-08-18,651,palmerpenguins
2021-08-19,752,palmerpenguins
2021-08-20,755,palmerpenguins
2021-08-21,405,palmerpenguins
2021-08-22,495,palmerpenguins
2021-08-23,813,palmerpenguins
2021-08-24,720,palmerpenguins
2021-08-25,928,palmerpenguins
2021-08-26,808,palmerpenguins
2021-08-27,753,palmerpenguins
2021-08-28,449,palmerpenguins
2021-08-29,425,palmerpenguins
2021-08-30,957,palmerpenguins
2021-08-31,966,palmerpenguins
2021-09-01,799,palmerpenguins
2021-09-02,1113,palmerpenguins
2021-09-03,828,palmerpenguins
2021-09-04,535,palmerpenguins
2021-09-05,564,palmerpenguins
2021-09-06,1055,palmerpenguins
2021-09-07,1029,palmerpenguins
2021-09-08,1097,palmerpenguins
2021-09-09,1537,palmerpenguins
2021-09-10,1119,palmerpenguins
2021-09-11,619,palmerpenguins
2021-09-12,584,palmerpenguins
2021-09-13,1815,palmerpenguins
2021-09-14,1279,palmerpenguins
2021-09-15,1169,palmerpenguins
2021-09-16,1135,palmerpenguins
2021-09-17,884,palmerpenguins
2021-09-18,612,palmerpenguins
2021-09-19,529,palmerpenguins
2021-09-20,1152,palmerpenguins
2021-09-21,1080,palmerpenguins
2021-09-22,1110,palmerpenguins
2021-09-23,1346,palmerpenguins
2021-09-24,955,palmerpenguins
2021-09-25,575,palmerpenguins
2021-09-26,647,palmerpenguins
2021-09-27,938,palmerpenguins
2021-09-28,1058,palmerpenguins
2021-09-29,1347,palmerpenguins
2021-09-30,1258,palmerpenguins
2021-10-01,974,palmerpenguins
2021-10-02,530,palmerpenguins
2021-10-03,532,palmerpenguins
2021-10-04,1023,palmerpenguins
2021-10-05,1268,palmerpenguins
2021-10-06,1140,palmerpenguins
2021-10-07,1111,palmerpenguins
2021-10-08,1033,palmerpenguins
2021-10-09,536,palmerpenguins
2021-10-10,570,palmerpenguins
2021-10-11,950,palmerpenguins
2021-10-12,1056,palmerpenguins
2021-10-13,1075,palmerpenguins
2021-10-14,937,palmerpenguins
2021-10-15,853,palmerpenguins
2021-10-16,460,palmerpenguins
2021-10-17,476,palmerpenguins
2021-10-18,1045,palmerpenguins
2021-10-19,1005,palmerpenguins
2021-10-20,895,palmerpenguins
2021-10-21,983,palmerpenguins
2021-10-22,933,palmerpenguins
2021-10-23,591,palmerpenguins
2021-10-24,606,palmerpenguins
2021-10-25,940,palmerpenguins
2021-10-26,1239,palmerpenguins
2021-10-27,1185,palmerpenguins
2021-10-28,949,palmerpenguins
2021-10-29,964,palmerpenguins
2021-10-30,455,palmerpenguins
2021-10-31,520,palmerpenguins
2021-11-01,958,palmerpenguins
2021-11-02,999,palmerpenguins
2021-11-03,966,palmerpenguins
2021-11-04,915,palmerpenguins
2021-11-05,885,palmerpenguins
2021-11-06,493,palmerpenguins
2021-11-07,495,palmerpenguins
2021-11-08,1181,palmerpenguins
2021-11-09,1015,palmerpenguins
2021-11-10,1370,palmerpenguins
2021-11-11,1131,palmerpenguins
2021-11-12,926,palmerpenguins
2021-11-13,637,palmerpenguins
2021-11-14,588,palmerpenguins
2021-11-15,1184,palmerpenguins
2021-11-16,1088,palmerpenguins
2021-11-17,1107,palmerpenguins
2021-11-18,987,palmerpenguins
2021-11-19,910,palmerpenguins
2021-11-20,518,palmerpenguins
2021-11-21,572,palmerpenguins
2021-11-22,930,palmerpenguins
2021-11-23,1091,palmerpenguins
2021-11-24,820,palmerpenguins
2021-11-25,799,palmerpenguins
2021-11-26,686,palmerpenguins
2021-11-27,548,palmerpenguins
2021-11-28,471,palmerpenguins
2021-11-29,789,palmerpenguins
2021-11-30,979,palmerpenguins
2021-12-01,911,palmerpenguins
2021-12-02,743,palmerpenguins
2021-12-03,925,palmerpenguins
2021-12-04,510,palmerpenguins
2021-12-05,486,palmerpenguins
2021-12-06,777,palmerpenguins
2021-12-07,907,palmerpenguins
2021-12-08,727,palmerpenguins
2021-12-09,826,palmerpenguins
2021-12-10,772,palmerpenguins
2021-12-11,542,palmerpenguins
2021-12-12,476,palmerpenguins
2021-12-13,740,palmerpenguins
2021-12-14,820,palmerpenguins
2021-12-15,680,palmerpenguins
2021-12-16,693,palmerpenguins
2021-12-17,818,palmerpenguins
2021-12-18,644,palmerpenguins
2021-12-19,559,palmerpenguins
2021-12-20,965,palmerpenguins
2021-12-21,880,palmerpenguins
2021-12-22,787,palmerpenguins
2021-12-23,630,palmerpenguins
2021-12-24,494,palmerpenguins
2021-12-25,384,palmerpenguins
2021-12-26,370,palmerpenguins
2021-12-27,578,palmerpenguins
2021-12-28,729,palmerpenguins
2021-12-29,699,palmerpenguins
2021-12-30,572,palmerpenguins
2021-12-31,424,palmerpenguins
2022-01-01,339,palmerpenguins
2022-01-02,387,palmerpenguins
2022-01-03,744,palmerpenguins
2022-01-04,969,palmerpenguins
2022-01-05,866,palmerpenguins
2022-01-06,938,palmerpenguins
2022-01-07,1153,palmerpenguins
2022-01-08,553,palmerpenguins
2022-01-09,603,palmerpenguins
2022-01-10,912,palmerpenguins
2022-01-11,1386,palmerpenguins
2022-01-12,1521,palmerpenguins
2022-01-13,1857,palmerpenguins
2022-01-14,1300,palmerpenguins
2022-01-15,633,palmerpenguins
2022-01-16,565,palmerpenguins
2022-01-17,1095,palmerpenguins
2022-01-18,1569,palmerpenguins
2022-01-19,1443,palmerpenguins
2022-01-20,1262,palmerpenguins
2022-01-21,1166,palmerpenguins
2022-01-22,852,palmerpenguins
2022-01-23,775,palmerpenguins
2022-01-24,1359,palmerpenguins
2022-01-25,1627,palmerpenguins
2022-01-26,1952,palmerpenguins
2022-01-27,1433,palmerpenguins
2022-01-28,1251,palmerpenguins
2022-01-29,599,palmerpenguins
2022-01-30,631,palmerpenguins
2022-01-31,1017,palmerpenguins
2022-02-01,1374,palmerpenguins
2022-02-02,1202,palmerpenguins
2022-02-03,1216,palmerpenguins
2022-02-04,1001,palmerpenguins
2022-02-05,759,palmerpenguins
2022-02-06,610,palmerpenguins
2022-02-07,1404,palmerpenguins
2022-02-08,1173,palmerpenguins
2022-02-09,1352,palmerpenguins
2022-02-10,1113,palmerpenguins
2022-02-11,1116,palmerpenguins
2022-02-12,535,palmerpenguins
2022-02-13,522,palmerpenguins
2022-02-14,1180,palmerpenguins
2022-02-15,1131,palmerpenguins
2022-02-16,1279,palmerpenguins
2022-02-17,1494,palmerpenguins
2022-02-18,1046,palmerpenguins
2022-02-19,594,palmerpenguins
2022-02-20,621,palmerpenguins
2022-02-21,1073,palmerpenguins
2022-02-22,1219,palmerpenguins
2022-02-23,1344,palmerpenguins
2022-02-24,1139,palmerpenguins
2022-02-25,1028,palmerpenguins
2022-02-26,534,palmerpenguins
2022-02-27,600,palmerpenguins
2022-02-28,974,palmerpenguins
2022-03-01,1331,palmerpenguins
2022-03-02,1401,palmerpenguins
2022-03-03,1230,palmerpenguins
2022-03-04,1011,palmerpenguins
2022-03-05,615,palmerpenguins
2022-03-06,832,palmerpenguins
2022-03-07,1336,palmerpenguins
2022-03-08,1198,palmerpenguins
2022-03-09,1348,palmerpenguins
2022-03-10,1212,palmerpenguins
2022-03-11,1113,palmerpenguins
2022-03-12,630,palmerpenguins
2022-03-13,641,palmerpenguins
2022-03-14,1022,palmerpenguins
2022-03-15,979,palmerpenguins
2022-03-16,1159,palmerpenguins
2022-03-17,1141,palmerpenguins
2022-03-18,1099,palmerpenguins
2022-03-19,703,palmerpenguins
2022-03-20,739,palmerpenguins
2022-03-21,1237,palmerpenguins
2022-03-22,1297,palmerpenguins
2022-03-23,1375,palmerpenguins
2022-03-24,1361,palmerpenguins
2022-03-25,1206,palmerpenguins
2022-03-26,758,palmerpenguins
2022-03-27,825,palmerpenguins
2022-03-28,1239,palmerpenguins
2022-03-29,1236,palmerpenguins
2022-03-30,1311,palmerpenguins
2022-03-31,1449,palmerpenguins
2022-04-01,1222,palmerpenguins
2022-04-02,607,palmerpenguins
2022-04-03,695,palmerpenguins
2022-04-04,1148,palmerpenguins
2022-04-05,1310,palmerpenguins
2022-04-06,1234,palmerpenguins
2022-04-07,1206,palmerpenguins
2022-04-08,1108,palmerpenguins
2022-04-09,598,palmerpenguins
2022-04-10,610,palmerpenguins
2022-04-11,1102,palmerpenguins
2022-04-12,1403,palmerpenguins
2022-04-13,1275,palmerpenguins
2022-04-14,1081,palmerpenguins
2022-04-15,845,palmerpenguins
2022-04-16,565,palmerpenguins
2022-04-17,517,palmerpenguins
2022-04-18,1045,palmerpenguins
2022-04-19,1180,palmerpenguins
2022-04-20,1244,palmerpenguins
2022-04-21,1161,palmerpenguins
2022-04-22,1175,palmerpenguins
2022-04-23,703,palmerpenguins
2022-04-24,687,palmerpenguins
2022-04-25,1240,palmerpenguins
2022-04-26,1290,palmerpenguins
2022-04-27,1223,palmerpenguins
2022-04-28,1258,palmerpenguins
2022-04-29,1106,palmerpenguins
2022-04-30,723,palmerpenguins
2022-05-01,647,palmerpenguins
2022-05-02,1184,palmerpenguins
2022-05-03,1272,palmerpenguins
2022-05-04,1081,palmerpenguins
2022-05-05,1143,palmerpenguins
2022-05-06,1210,palmerpenguins
2022-05-07,1221,palmerpenguins
2022-05-08,991,palmerpenguins
2022-05-09,1450,palmerpenguins
2022-05-10,1483,palmerpenguins
2022-05-11,1144,palmerpenguins
2022-05-12,1147,palmerpenguins
2022-05-13,1280,palmerpenguins
2022-05-14,825,palmerpenguins
2022-05-15,693,palmerpenguins
2022-05-16,1088,palmerpenguins
2022-05-17,1086,palmerpenguins
2022-05-18,1074,palmerpenguins
2022-05-19,1082,palmerpenguins
2022-05-20,1046,palmerpenguins
2022-05-21,557,palmerpenguins
2022-05-22,591,palmerpenguins
2022-05-23,931,palmerpenguins
2022-05-24,1135,palmerpenguins
2022-05-25,1070,palmerpenguins
2022-05-26,1046,palmerpenguins
2022-05-27,859,palmerpenguins
2022-05-28,564,palmerpenguins
2022-05-29,486,palmerpenguins
2022-05-30,869,palmerpenguins
2022-05-31,1105,palmerpenguins
2022-06-01,910,palmerpenguins
2022-06-02,1000,palmerpenguins
2022-06-03,883,palmerpenguins
2022-06-04,622,palmerpenguins
2022-06-05,537,palmerpenguins
2022-06-06,917,palmerpenguins
2022-06-07,1325,palmerpenguins
2022-06-08,1184,palmerpenguins
2022-06-09,1291,palmerpenguins
2022-06-10,1077,palmerpenguins
2022-06-11,550,palmerpenguins
2022-06-12,517,palmerpenguins
2022-06-13,872,palmerpenguins
2022-06-14,1146,palmerpenguins
2022-06-15,1051,palmerpenguins
2022-06-16,972,palmerpenguins
2022-06-17,790,palmerpenguins
2022-06-18,569,palmerpenguins
2022-06-19,518,palmerpenguins
2022-06-20,977,palmerpenguins
2022-06-21,2363,palmerpenguins
2022-06-22,2409,palmerpenguins
2022-06-23,7496,palmerpenguins
2022-06-24,14558,palmerpenguins
2022-06-25,661,palmerpenguins
2022-06-26,545,palmerpenguins
2022-06-27,945,palmerpenguins
2022-06-28,987,palmerpenguins
2022-06-29,973,palmerpenguins
2022-06-30,983,palmerpenguins
2022-07-01,768,palmerpenguins
2022-07-02,566,palmerpenguins
2022-07-03,485,palmerpenguins
2022-07-04,973,palmerpenguins
2022-07-05,1700,palmerpenguins
2022-07-06,1291,palmerpenguins
2022-07-07,1197,palmerpenguins
2022-07-08,933,palmerpenguins
2022-07-09,634,palmerpenguins
2022-07-10,613,palmerpenguins
2022-07-11,1220,palmerpenguins
2022-07-12,1086,palmerpenguins
2022-07-13,1026,palmerpenguins
2022-07-14,1147,palmerpenguins
2022-07-15,924,palmerpenguins
2022-07-16,615,palmerpenguins
2022-07-17,714,palmerpenguins
2022-07-18,1021,palmerpenguins
2022-07-19,1208,palmerpenguins
2022-07-20,1289,palmerpenguins
2022-07-21,1140,palmerpenguins
2022-07-22,905,palmerpenguins
2022-07-23,588,palmerpenguins
2022-07-24,749,palmerpenguins
2022-07-25,1389,palmerpenguins
2022-07-26,1429,palmerpenguins
2022-07-27,1200,palmerpenguins
2022-07-28,1269,palmerpenguins
2022-07-29,1231,palmerpenguins
2022-07-30,640,palmerpenguins
2022-07-31,686,palmerpenguins
2022-08-01,1559,palmerpenguins
2022-08-02,1599,palmerpenguins
2022-08-03,1492,palmerpenguins
2022-08-04,1398,palmerpenguins
2022-08-05,1275,palmerpenguins
2022-08-06,628,palmerpenguins
2022-08-07,635,palmerpenguins
2022-08-08,1083,palmerpenguins
2022-08-09,1350,palmerpenguins
2022-08-10,1112,palmerpenguins
2022-08-11,1126,palmerpenguins
2022-08-12,1012,palmerpenguins
2022-08-13,633,palmerpenguins
2022-08-14,619,palmerpenguins
2022-08-15,1635,palmerpenguins
2022-08-16,1885,palmerpenguins
2022-08-17,1482,palmerpenguins
2022-08-18,0,palmerpenguins
2022-08-19,0,palmerpenguins
2020-08-01,15,distill
2020-08-02,20,distill
2020-08-03,40,distill
2020-08-04,76,distill
2020-08-05,48,distill
2020-08-06,50,distill
2020-08-07,50,distill
2020-08-08,40,distill
2020-08-09,43,distill
2020-08-10,59,distill
2020-08-11,43,distill
2020-08-12,50,distill
2020-08-13,54,distill
2020-08-14,46,distill
2020-08-15,34,distill
2020-08-16,35,distill
2020-08-17,34,distill
2020-08-18,59,distill
2020-08-19,48,distill
2020-08-20,63,distill
2020-08-21,82,distill
2020-08-22,43,distill
2020-08-23,50,distill
2020-08-24,121,distill
2020-08-25,69,distill
2020-08-26,71,distill
2020-08-27,86,distill
2020-08-28,50,distill
2020-08-29,50,distill
2020-08-30,27,distill
2020-08-31,56,distill
2020-09-01,49,distill
2020-09-02,61,distill
2020-09-03,58,distill
2020-09-04,42,distill
2020-09-05,41,distill
2020-09-06,44,distill
2020-09-07,53,distill
2020-09-08,50,distill
2020-09-09,72,distill
2020-09-10,70,distill
2020-09-11,73,distill
2020-09-12,48,distill
2020-09-13,40,distill
2020-09-14,78,distill
2020-09-15,87,distill
2020-09-16,54,distill
2020-09-17,71,distill
2020-09-18,50,distill
2020-09-19,41,distill
2020-09-20,42,distill
2020-09-21,68,distill
2020-09-22,63,distill
2020-09-23,66,distill
2020-09-24,34,distill
2020-09-25,43,distill
2020-09-26,31,distill
2020-09-27,31,distill
2020-09-28,62,distill
2020-09-29,50,distill
2020-09-30,61,distill
2020-10-01,43,distill
2020-10-02,48,distill
2020-10-03,40,distill
2020-10-04,37,distill
2020-10-05,62,distill
2020-10-06,43,distill
2020-10-07,52,distill
2020-10-08,44,distill
2020-10-09,54,distill
2020-10-10,37,distill
2020-10-11,50,distill
2020-10-12,63,distill
2020-10-13,71,distill
2020-10-14,63,distill
2020-10-15,91,distill
2020-10-16,41,distill
2020-10-17,37,distill
2020-10-18,41,distill
2020-10-19,48,distill
2020-10-20,52,distill
2020-10-21,56,distill
2020-10-22,128,distill
2020-10-23,106,distill
2020-10-24,79,distill
2020-10-25,90,distill
2020-10-26,128,distill
2020-10-27,133,distill
2020-10-28,97,distill
2020-10-29,135,distill
2020-10-30,83,distill
2020-10-31,51,distill
2020-11-01,54,distill
2020-11-02,82,distill
2020-11-03,132,distill
2020-11-04,49,distill
2020-11-05,95,distill
2020-11-06,67,distill
2020-11-07,58,distill
2020-11-08,41,distill
2020-11-09,60,distill
2020-11-10,47,distill
2020-11-11,64,distill
2020-11-12,67,distill
2020-11-13,60,distill
2020-11-14,32,distill
2020-11-15,57,distill
2020-11-16,61,distill
2020-11-17,51,distill
2020-11-18,84,distill
2020-11-19,76,distill
2020-11-20,69,distill
2020-11-21,46,distill
2020-11-22,52,distill
2020-11-23,59,distill
2020-11-24,56,distill
2020-11-25,37,distill
2020-11-26,73,distill
2020-11-27,53,distill
2020-11-28,36,distill
2020-11-29,50,distill
2020-11-30,205,distill
2020-12-01,64,distill
2020-12-02,101,distill
2020-12-03,147,distill
2020-12-04,110,distill
2020-12-05,88,distill
2020-12-06,56,distill
2020-12-07,264,distill
2020-12-08,299,distill
2020-12-09,207,distill
2020-12-10,162,distill
2020-12-11,122,distill
2020-12-12,106,distill
2020-12-13,81,distill
2020-12-14,171,distill
2020-12-15,109,distill
2020-12-16,100,distill
2020-12-17,93,distill
2020-12-18,94,distill
2020-12-19,80,distill
2020-12-20,76,distill
2020-12-21,93,distill
2020-12-22,103,distill
2020-12-23,98,distill
2020-12-24,53,distill
2020-12-25,48,distill
2020-12-26,52,distill
2020-12-27,57,distill
2020-12-28,85,distill
2020-12-29,68,distill
2020-12-30,69,distill
2020-12-31,55,distill
2021-01-01,37,distill
2021-01-02,89,distill
2021-01-03,64,distill
2021-01-04,131,distill
2021-01-05,110,distill
2021-01-06,80,distill
2021-01-07,67,distill
2021-01-08,50,distill
2021-01-09,53,distill
2021-01-10,48,distill
2021-01-11,150,distill
2021-01-12,71,distill
2021-01-13,222,distill
2021-01-14,197,distill
2021-01-15,134,distill
2021-01-16,105,distill
2021-01-17,81,distill
2021-01-18,117,distill
2021-01-19,174,distill
2021-01-20,160,distill
2021-01-21,147,distill
2021-01-22,166,distill
2021-01-23,167,distill
2021-01-24,181,distill
2021-01-25,223,distill
2021-01-26,144,distill
2021-01-27,131,distill
2021-01-28,93,distill
2021-01-29,117,distill
2021-01-30,96,distill
2021-01-31,113,distill
2021-02-01,156,distill
2021-02-02,144,distill
2021-02-03,137,distill
2021-02-04,148,distill
2021-02-05,126,distill
2021-02-06,56,distill
2021-02-07,78,distill
2021-02-08,112,distill
2021-02-09,84,distill
2021-02-10,136,distill
2021-02-11,94,distill
2021-02-12,107,distill
2021-02-13,67,distill
2021-02-14,48,distill
2021-02-15,106,distill
2021-02-16,155,distill
2021-02-17,113,distill
2021-02-18,99,distill
2021-02-19,86,distill
2021-02-20,61,distill
2021-02-21,55,distill
2021-02-22,110,distill
2021-02-23,155,distill
2021-02-24,170,distill
2021-02-25,100,distill
2021-02-26,138,distill
2021-02-27,116,distill
2021-02-28,116,distill
2021-03-01,123,distill
2021-03-02,160,distill
2021-03-03,125,distill
2021-03-04,130,distill
2021-03-05,158,distill
2021-03-06,108,distill
2021-03-07,112,distill
2021-03-08,127,distill
2021-03-09,168,distill
2021-03-10,159,distill
2021-03-11,164,distill
2021-03-12,80,distill
2021-03-13,89,distill
2021-03-14,71,distill
2021-03-15,105,distill
2021-03-16,99,distill
2021-03-17,87,distill
2021-03-18,114,distill
2021-03-19,82,distill
2021-03-20,56,distill
2021-03-21,52,distill
2021-03-22,100,distill
2021-03-23,80,distill
2021-03-24,91,distill
2021-03-25,72,distill
2021-03-26,86,distill
2021-03-27,73,distill
2021-03-28,66,distill
2021-03-29,75,distill
2021-03-30,91,distill
2021-03-31,101,distill
2021-04-01,74,distill
2021-04-02,63,distill
2021-04-03,55,distill
2021-04-04,61,distill
2021-04-05,70,distill
2021-04-06,99,distill
2021-04-07,118,distill
2021-04-08,93,distill
2021-04-09,60,distill
2021-04-10,61,distill
2021-04-11,62,distill
2021-04-12,80,distill
2021-04-13,94,distill
2021-04-14,81,distill
2021-04-15,63,distill
2021-04-16,66,distill
2021-04-17,39,distill
2021-04-18,77,distill
2021-04-19,69,distill
2021-04-20,91,distill
2021-04-21,105,distill
2021-04-22,88,distill
2021-04-23,67,distill
2021-04-24,72,distill
2021-04-25,44,distill
2021-04-26,75,distill
2021-04-27,90,distill
2021-04-28,90,distill
2021-04-29,104,distill
2021-04-30,69,distill
2021-05-01,57,distill
2021-05-02,40,distill
2021-05-03,66,distill
2021-05-04,96,distill
2021-05-05,91,distill
2021-05-06,97,distill
2021-05-07,84,distill
2021-05-08,105,distill
2021-05-09,55,distill
2021-05-10,73,distill
2021-05-11,107,distill
2021-05-12,106,distill
2021-05-13,80,distill
2021-05-14,116,distill
2021-05-15,82,distill
2021-05-16,86,distill
2021-05-17,76,distill
2021-05-18,130,distill
2021-05-19,144,distill
2021-05-20,129,distill
2021-05-21,148,distill
2021-05-22,134,distill
2021-05-23,80,distill
2021-05-24,93,distill
2021-05-25,142,distill
2021-05-26,141,distill
2021-05-27,108,distill
2021-05-28,92,distill
2021-05-29,66,distill
2021-05-30,77,distill
2021-05-31,129,distill
2021-06-01,99,distill
2021-06-02,77,distill
2021-06-03,86,distill
2021-06-04,66,distill
2021-06-05,68,distill
2021-06-06,63,distill
2021-06-07,80,distill
2021-06-08,96,distill
2021-06-09,121,distill
2021-06-10,110,distill
2021-06-11,99,distill
2021-06-12,57,distill
2021-06-13,67,distill
2021-06-14,78,distill
2021-06-15,87,distill
2021-06-16,119,distill
2021-06-17,112,distill
2021-06-18,98,distill
2021-06-19,65,distill
2021-06-20,83,distill
2021-06-21,123,distill
2021-06-22,107,distill
2021-06-23,109,distill
2021-06-24,120,distill
2021-06-25,82,distill
2021-06-26,68,distill
2021-06-27,63,distill
2021-06-28,127,distill
2021-06-29,87,distill
2021-06-30,111,distill
2021-07-01,108,distill
2021-07-02,114,distill
2021-07-03,75,distill
2021-07-04,94,distill
2021-07-05,97,distill
2021-07-06,103,distill
2021-07-07,107,distill
2021-07-08,159,distill
2021-07-09,127,distill
2021-07-10,61,distill
2021-07-11,59,distill
2021-07-12,99,distill
2021-07-13,108,distill
2021-07-14,144,distill
2021-07-15,96,distill
2021-07-16,95,distill
2021-07-17,63,distill
2021-07-18,68,distill
2021-07-19,79,distill
2021-07-20,87,distill
2021-07-21,102,distill
2021-07-22,92,distill
2021-07-23,83,distill
2021-07-24,62,distill
2021-07-25,45,distill
2021-07-26,92,distill
2021-07-27,92,distill
2021-07-28,97,distill
2021-07-29,70,distill
2021-07-30,70,distill
2021-07-31,49,distill
2021-08-01,47,distill
2021-08-02,83,distill
2021-08-03,106,distill
2021-08-04,187,distill
2021-08-05,74,distill
2021-08-06,101,distill
2021-08-07,54,distill
2021-08-08,58,distill
2021-08-09,129,distill
2021-08-10,114,distill
2021-08-11,119,distill
2021-08-12,104,distill
2021-08-13,107,distill
2021-08-14,78,distill
2021-08-15,78,distill
2021-08-16,165,distill
2021-08-17,99,distill
2021-08-18,112,distill
2021-08-19,147,distill
2021-08-20,112,distill
2021-08-21,75,distill
2021-08-22,87,distill
2021-08-23,147,distill
2021-08-24,216,distill
2021-08-25,157,distill
2021-08-26,158,distill
2021-08-27,145,distill
2021-08-28,114,distill
2021-08-29,100,distill
2021-08-30,149,distill
2021-08-31,164,distill
2021-09-01,152,distill
2021-09-02,152,distill
2021-09-03,152,distill
2021-09-04,57,distill
2021-09-05,79,distill
2021-09-06,83,distill
2021-09-07,123,distill
2021-09-08,149,distill
2021-09-09,150,distill
2021-09-10,161,distill
2021-09-11,74,distill
2021-09-12,87,distill
2021-09-13,127,distill
2021-09-14,179,distill
2021-09-15,133,distill
2021-09-16,126,distill
2021-09-17,135,distill
2021-09-18,126,distill
2021-09-19,76,distill
2021-09-20,113,distill
2021-09-21,98,distill
2021-09-22,142,distill
2021-09-23,110,distill
2021-09-24,134,distill
2021-09-25,71,distill
2021-09-26,116,distill
2021-09-27,141,distill
2021-09-28,142,distill
2021-09-29,137,distill
2021-09-30,133,distill
2021-10-01,114,distill
2021-10-02,67,distill
2021-10-03,63,distill
2021-10-04,122,distill
2021-10-05,112,distill
2021-10-06,117,distill
2021-10-07,89,distill
2021-10-08,84,distill
2021-10-09,77,distill
2021-10-10,66,distill
2021-10-11,134,distill
2021-10-12,104,distill
2021-10-13,208,distill
2021-10-14,250,distill
2021-10-15,210,distill
2021-10-16,126,distill
2021-10-17,136,distill
2021-10-18,201,distill
2021-10-19,216,distill
2021-10-20,128,distill
2021-10-21,143,distill
2021-10-22,120,distill
2021-10-23,103,distill
2021-10-24,91,distill
2021-10-25,154,distill
2021-10-26,185,distill
2021-10-27,224,distill
2021-10-28,132,distill
2021-10-29,119,distill
2021-10-30,63,distill
2021-10-31,84,distill
2021-11-01,146,distill
2021-11-02,156,distill
2021-11-03,134,distill
2021-11-04,144,distill
2021-11-05,129,distill
2021-11-06,95,distill
2021-11-07,114,distill
2021-11-08,175,distill
2021-11-09,151,distill
2021-11-10,194,distill
2021-11-11,149,distill
2021-11-12,108,distill
2021-11-13,111,distill
2021-11-14,88,distill
2021-11-15,132,distill
2021-11-16,123,distill
2021-11-17,134,distill
2021-11-18,102,distill
2021-11-19,95,distill
2021-11-20,56,distill
2021-11-21,88,distill
2021-11-22,113,distill
2021-11-23,106,distill
2021-11-24,107,distill
2021-11-25,99,distill
2021-11-26,81,distill
2021-11-27,84,distill
2021-11-28,68,distill
2021-11-29,115,distill
2021-11-30,104,distill
2021-12-01,127,distill
2021-12-02,100,distill
2021-12-03,104,distill
2021-12-04,81,distill
2021-12-05,59,distill
2021-12-06,138,distill
2021-12-07,148,distill
2021-12-08,141,distill
2021-12-09,135,distill
2021-12-10,126,distill
2021-12-11,92,distill
2021-12-12,82,distill
2021-12-13,116,distill
2021-12-14,103,distill
2021-12-15,104,distill
2021-12-16,84,distill
2021-12-17,109,distill
2021-12-18,67,distill
2021-12-19,67,distill
2021-12-20,84,distill
2021-12-21,106,distill
2021-12-22,89,distill
2021-12-23,68,distill
2021-12-24,62,distill
2021-12-25,46,distill
2021-12-26,63,distill
2021-12-27,49,distill
2021-12-28,74,distill
2021-12-29,68,distill
2021-12-30,68,distill
2021-12-31,61,distill
2022-01-01,43,distill
2022-01-02,52,distill
2022-01-03,79,distill
2022-01-04,91,distill
2022-01-05,120,distill
2022-01-06,83,distill
2022-01-07,82,distill
2022-01-08,62,distill
2022-01-09,58,distill
2022-01-10,82,distill
2022-01-11,119,distill
2022-01-12,99,distill
2022-01-13,125,distill
2022-01-14,153,distill
2022-01-15,114,distill
2022-01-16,84,distill
2022-01-17,113,distill
2022-01-18,189,distill
2022-01-19,216,distill
2022-01-20,186,distill
2022-01-21,140,distill
2022-01-22,158,distill
2022-01-23,106,distill
2022-01-24,144,distill
2022-01-25,92,distill
2022-01-26,117,distill
2022-01-27,167,distill
2022-01-28,139,distill
2022-01-29,95,distill
2022-01-30,95,distill
2022-01-31,102,distill
2022-02-01,99,distill
2022-02-02,152,distill
2022-02-03,157,distill
2022-02-04,127,distill
2022-02-05,71,distill
2022-02-06,82,distill
2022-02-07,88,distill
2022-02-08,138,distill
2022-02-09,115,distill
2022-02-10,130,distill
2022-02-11,122,distill
2022-02-12,85,distill
2022-02-13,60,distill
2022-02-14,116,distill
2022-02-15,111,distill
2022-02-16,108,distill
2022-02-17,104,distill
2022-02-18,101,distill
2022-02-19,63,distill
2022-02-20,78,distill
2022-02-21,112,distill
2022-02-22,81,distill
2022-02-23,110,distill
2022-02-24,92,distill
2022-02-25,107,distill
2022-02-26,58,distill
2022-02-27,79,distill
2022-02-28,101,distill
2022-03-01,132,distill
2022-03-02,133,distill
2022-03-03,131,distill
2022-03-04,109,distill
2022-03-05,68,distill
2022-03-06,70,distill
2022-03-07,106,distill
2022-03-08,119,distill
2022-03-09,145,distill
2022-03-10,100,distill
2022-03-11,107,distill
2022-03-12,58,distill
2022-03-13,74,distill
2022-03-14,101,distill
2022-03-15,95,distill
2022-03-16,107,distill
2022-03-17,86,distill
2022-03-18,91,distill
2022-03-19,79,distill
2022-03-20,76,distill
2022-03-21,87,distill
2022-03-22,144,distill
2022-03-23,132,distill
2022-03-24,133,distill
2022-03-25,210,distill
2022-03-26,157,distill
2022-03-27,172,distill
2022-03-28,227,distill
2022-03-29,208,distill
2022-03-30,216,distill
2022-03-31,205,distill
2022-04-01,174,distill
2022-04-02,176,distill
2022-04-03,161,distill
2022-04-04,195,distill
2022-04-05,211,distill
2022-04-06,226,distill
2022-04-07,209,distill
2022-04-08,187,distill
2022-04-09,179,distill
2022-04-10,176,distill
2022-04-11,239,distill
2022-04-12,185,distill
2022-04-13,213,distill
2022-04-14,179,distill
2022-04-15,236,distill
2022-04-16,195,distill
2022-04-17,154,distill
2022-04-18,409,distill
2022-04-19,296,distill
2022-04-20,328,distill
2022-04-21,380,distill
2022-04-22,274,distill
2022-04-23,178,distill
2022-04-24,184,distill
2022-04-25,309,distill
2022-04-26,183,distill
2022-04-27,136,distill
2022-04-28,215,distill
2022-04-29,287,distill
2022-04-30,83,distill
2022-05-01,52,distill
2022-05-02,219,distill
2022-05-03,207,distill
2022-05-04,271,distill
2022-05-05,197,distill
2022-05-06,346,distill
2022-05-07,64,distill
2022-05-08,62,distill
2022-05-09,365,distill
2022-05-10,188,distill
2022-05-11,214,distill
2022-05-12,158,distill
2022-05-13,238,distill
2022-05-14,126,distill
2022-05-15,88,distill
2022-05-16,389,distill
2022-05-17,248,distill
2022-05-18,179,distill
2022-05-19,166,distill
2022-05-20,117,distill
2022-05-21,62,distill
2022-05-22,94,distill
2022-05-23,111,distill
2022-05-24,144,distill
2022-05-25,187,distill
2022-05-26,321,distill
2022-05-27,121,distill
2022-05-28,80,distill
2022-05-29,81,distill
2022-05-30,102,distill
2022-05-31,133,distill
2022-06-01,102,distill
2022-06-02,91,distill
2022-06-03,89,distill
2022-06-04,84,distill
2022-06-05,76,distill
2022-06-06,155,distill
2022-06-07,161,distill
2022-06-08,179,distill
2022-06-09,147,distill
2022-06-10,110,distill
2022-06-11,66,distill
2022-06-12,59,distill
2022-06-13,164,distill
2022-06-14,137,distill
2022-06-15,155,distill
2022-06-16,105,distill
2022-06-17,70,distill
2022-06-18,64,distill
2022-06-19,55,distill
2022-06-20,101,distill
2022-06-21,110,distill
2022-06-22,92,distill
2022-06-23,130,distill
2022-06-24,95,distill
2022-06-25,68,distill
2022-06-26,50,distill
2022-06-27,115,distill
2022-06-28,87,distill
2022-06-29,101,distill
2022-06-30,137,distill
2022-07-01,117,distill
2022-07-02,66,distill
2022-07-03,84,distill
2022-07-04,94,distill
2022-07-05,116,distill
2022-07-06,107,distill
2022-07-07,77,distill
2022-07-08,81,distill
2022-07-09,74,distill
2022-07-10,70,distill
2022-07-11,82,distill
2022-07-12,95,distill
2022-07-13,152,distill
2022-07-14,88,distill
2022-07-15,98,distill
2022-07-16,53,distill
2022-07-17,53,distill
2022-07-18,96,distill
2022-07-19,81,distill
2022-07-20,101,distill
2022-07-21,86,distill
2022-07-22,101,distill
2022-07-23,54,distill
2022-07-24,308,distill
2022-07-25,247,distill
2022-07-26,137,distill
2022-07-27,125,distill
2022-07-28,121,distill
2022-07-29,100,distill
2022-07-30,61,distill
2022-07-31,63,distill
2022-08-01,109,distill
2022-08-02,123,distill
2022-08-03,208,distill
2022-08-04,200,distill
2022-08-05,99,distill
2022-08-06,78,distill
2022-08-07,87,distill
2022-08-08,141,distill
2022-08-09,117,distill
2022-08-10,123,distill
2022-08-11,110,distill
2022-08-12,134,distill
2022-08-13,51,distill
2022-08-14,49,distill
2022-08-15,102,distill
2022-08-16,110,distill
2022-08-17,95,distill
2022-08-18,0,distill
2022-08-19,0,distill
2020-08-01,161,blogdown
2020-08-02,141,blogdown
2020-08-03,320,blogdown
2020-08-04,252,blogdown
2020-08-05,292,blogdown
2020-08-06,243,blogdown
2020-08-07,240,blogdown
2020-08-08,205,blogdown
2020-08-09,192,blogdown
2020-08-10,237,blogdown
2020-08-11,244,blogdown
2020-08-12,250,blogdown
2020-08-13,272,blogdown
2020-08-14,227,blogdown
2020-08-15,572,blogdown
2020-08-16,179,blogdown
2020-08-17,985,blogdown
2020-08-18,2469,blogdown
2020-08-19,2103,blogdown
2020-08-20,195,blogdown
2020-08-21,222,blogdown
2020-08-22,143,blogdown
2020-08-23,179,blogdown
2020-08-24,233,blogdown
2020-08-25,261,blogdown
2020-08-26,320,blogdown
2020-08-27,306,blogdown
2020-08-28,357,blogdown
2020-08-29,214,blogdown
2020-08-30,1052,blogdown
2020-08-31,215,blogdown
2020-09-01,280,blogdown
2020-09-02,312,blogdown
2020-09-03,331,blogdown
2020-09-04,285,blogdown
2020-09-05,220,blogdown
2020-09-06,267,blogdown
2020-09-07,291,blogdown
2020-09-08,400,blogdown
2020-09-09,404,blogdown
2020-09-10,326,blogdown
2020-09-11,292,blogdown
2020-09-12,181,blogdown
2020-09-13,228,blogdown
2020-09-14,280,blogdown
2020-09-15,251,blogdown
2020-09-16,342,blogdown
2020-09-17,317,blogdown
2020-09-18,283,blogdown
2020-09-19,207,blogdown
2020-09-20,240,blogdown
2020-09-21,338,blogdown
2020-09-22,270,blogdown
2020-09-23,550,blogdown
2020-09-24,339,blogdown
2020-09-25,247,blogdown
2020-09-26,228,blogdown
2020-09-27,257,blogdown
2020-09-28,240,blogdown
2020-09-29,341,blogdown
2020-09-30,383,blogdown
2020-10-01,287,blogdown
2020-10-02,245,blogdown
2020-10-03,235,blogdown
2020-10-04,204,blogdown
2020-10-05,314,blogdown
2020-10-06,323,blogdown
2020-10-07,277,blogdown
2020-10-08,243,blogdown
2020-10-09,268,blogdown
2020-10-10,216,blogdown
2020-10-11,448,blogdown
2020-10-12,565,blogdown
2020-10-13,527,blogdown
2020-10-14,548,blogdown
2020-10-15,430,blogdown
2020-10-16,304,blogdown
2020-10-17,285,blogdown
2020-10-18,305,blogdown
2020-10-19,367,blogdown
2020-10-20,429,blogdown
2020-10-21,419,blogdown
2020-10-22,355,blogdown
2020-10-23,264,blogdown
2020-10-24,240,blogdown
2020-10-25,255,blogdown
2020-10-26,312,blogdown
2020-10-27,348,blogdown
2020-10-28,284,blogdown
2020-10-29,300,blogdown
2020-10-30,298,blogdown
2020-10-31,192,blogdown
2020-11-01,206,blogdown
2020-11-02,255,blogdown
2020-11-03,319,blogdown
2020-11-04,254,blogdown
2020-11-05,303,blogdown
2020-11-06,314,blogdown
2020-11-07,216,blogdown
2020-11-08,270,blogdown
2020-11-09,239,blogdown
2020-11-10,376,blogdown
2020-11-11,378,blogdown
2020-11-12,328,blogdown
2020-11-13,390,blogdown
2020-11-14,242,blogdown
2020-11-15,280,blogdown
2020-11-16,358,blogdown
2020-11-17,438,blogdown
2020-11-18,369,blogdown
2020-11-19,360,blogdown
2020-11-20,311,blogdown
2020-11-21,284,blogdown
2020-11-22,281,blogdown
2020-11-23,350,blogdown
2020-11-24,342,blogdown
2020-11-25,265,blogdown
2020-11-26,246,blogdown
2020-11-27,213,blogdown
2020-11-28,210,blogdown
2020-11-29,189,blogdown
2020-11-30,276,blogdown
2020-12-01,309,blogdown
2020-12-02,385,blogdown
2020-12-03,253,blogdown
2020-12-04,232,blogdown
2020-12-05,202,blogdown
2020-12-06,203,blogdown
2020-12-07,296,blogdown
2020-12-08,219,blogdown
2020-12-09,277,blogdown
2020-12-10,247,blogdown
2020-12-11,266,blogdown
2020-12-12,196,blogdown
2020-12-13,192,blogdown
2020-12-14,226,blogdown
2020-12-15,235,blogdown
2020-12-16,231,blogdown
2020-12-17,277,blogdown
2020-12-18,215,blogdown
2020-12-19,150,blogdown
2020-12-20,166,blogdown
2020-12-21,269,blogdown
2020-12-22,289,blogdown
2020-12-23,259,blogdown
2020-12-24,156,blogdown
2020-12-25,135,blogdown
2020-12-26,176,blogdown
2020-12-27,178,blogdown
2020-12-28,227,blogdown
2020-12-29,221,blogdown
2020-12-30,235,blogdown
2020-12-31,196,blogdown
2021-01-01,170,blogdown
2021-01-02,152,blogdown
2021-01-03,200,blogdown
2021-01-04,251,blogdown
2021-01-05,262,blogdown
2021-01-06,307,blogdown
2021-01-07,239,blogdown
2021-01-08,203,blogdown
2021-01-09,400,blogdown
2021-01-10,382,blogdown
2021-01-11,592,blogdown
2021-01-12,444,blogdown
2021-01-13,417,blogdown
2021-01-14,312,blogdown
2021-01-15,262,blogdown
2021-01-16,259,blogdown
2021-01-17,259,blogdown
2021-01-18,353,blogdown
2021-01-19,579,blogdown
2021-01-20,692,blogdown
2021-01-21,494,blogdown
2021-01-22,474,blogdown
2021-01-23,383,blogdown
2021-01-24,354,blogdown
2021-01-25,473,blogdown
2021-01-26,432,blogdown
2021-01-27,380,blogdown
2021-01-28,251,blogdown
2021-01-29,304,blogdown
2021-01-30,260,blogdown
2021-01-31,262,blogdown
2021-02-01,368,blogdown
2021-02-02,313,blogdown
2021-02-03,370,blogdown
2021-02-04,333,blogdown
2021-02-05,283,blogdown
2021-02-06,229,blogdown
2021-02-07,264,blogdown
2021-02-08,249,blogdown
2021-02-09,284,blogdown
2021-02-10,311,blogdown
2021-02-11,265,blogdown
2021-02-12,276,blogdown
2021-02-13,263,blogdown
2021-02-14,222,blogdown
2021-02-15,342,blogdown
2021-02-16,302,blogdown
2021-02-17,326,blogdown
2021-02-18,330,blogdown
2021-02-19,270,blogdown
2021-02-20,220,blogdown
2021-02-21,220,blogdown
2021-02-22,290,blogdown
2021-02-23,278,blogdown
2021-02-24,357,blogdown
2021-02-25,316,blogdown
2021-02-26,269,blogdown
2021-02-27,247,blogdown
2021-02-28,238,blogdown
2021-03-01,280,blogdown
2021-03-02,285,blogdown
2021-03-03,380,blogdown
2021-03-04,585,blogdown
2021-03-05,583,blogdown
2021-03-06,342,blogdown
2021-03-07,303,blogdown
2021-03-08,423,blogdown
2021-03-09,401,blogdown
2021-03-10,484,blogdown
2021-03-11,361,blogdown
2021-03-12,383,blogdown
2021-03-13,293,blogdown
2021-03-14,290,blogdown
2021-03-15,369,blogdown
2021-03-16,316,blogdown
2021-03-17,390,blogdown
2021-03-18,304,blogdown
2021-03-19,296,blogdown
2021-03-20,246,blogdown
2021-03-21,220,blogdown
2021-03-22,389,blogdown
2021-03-23,306,blogdown
2021-03-24,317,blogdown
2021-03-25,274,blogdown
2021-03-26,279,blogdown
2021-03-27,254,blogdown
2021-03-28,242,blogdown
2021-03-29,244,blogdown
2021-03-30,262,blogdown
2021-03-31,313,blogdown
2021-04-01,319,blogdown
2021-04-02,241,blogdown
2021-04-03,284,blogdown
2021-04-04,171,blogdown
2021-04-05,226,blogdown
2021-04-06,234,blogdown
2021-04-07,305,blogdown
2021-04-08,277,blogdown
2021-04-09,231,blogdown
2021-04-10,180,blogdown
2021-04-11,198,blogdown
2021-04-12,239,blogdown
2021-04-13,223,blogdown
2021-04-14,410,blogdown
2021-04-15,512,blogdown
2021-04-16,473,blogdown
2021-04-17,316,blogdown
2021-04-18,327,blogdown
2021-04-19,379,blogdown
2021-04-20,355,blogdown
2021-04-21,353,blogdown
2021-04-22,340,blogdown
2021-04-23,241,blogdown
2021-04-24,242,blogdown
2021-04-25,194,blogdown
2021-04-26,319,blogdown
2021-04-27,281,blogdown
2021-04-28,360,blogdown
2021-04-29,261,blogdown
2021-04-30,207,blogdown
2021-05-01,239,blogdown
2021-05-02,231,blogdown
2021-05-03,292,blogdown
2021-05-04,237,blogdown
2021-05-05,269,blogdown
2021-05-06,293,blogdown
2021-05-07,198,blogdown
2021-05-08,242,blogdown
2021-05-09,175,blogdown
2021-05-10,291,blogdown
2021-05-11,267,blogdown
2021-05-12,328,blogdown
2021-05-13,246,blogdown
2021-05-14,312,blogdown
2021-05-15,239,blogdown
2021-05-16,278,blogdown
2021-05-17,399,blogdown
2021-05-18,506,blogdown
2021-05-19,521,blogdown
2021-05-20,397,blogdown
2021-05-21,300,blogdown
2021-05-22,285,blogdown
2021-05-23,184,blogdown
2021-05-24,255,blogdown
2021-05-25,305,blogdown
2021-05-26,351,blogdown
2021-05-27,251,blogdown
2021-05-28,322,blogdown
2021-05-29,160,blogdown
2021-05-30,408,blogdown
2021-05-31,326,blogdown
2021-06-01,270,blogdown
2021-06-02,230,blogdown
2021-06-03,288,blogdown
2021-06-04,187,blogdown
2021-06-05,151,blogdown
2021-06-06,242,blogdown
2021-06-07,233,blogdown
2021-06-08,256,blogdown
2021-06-09,293,blogdown
2021-06-10,226,blogdown
2021-06-11,260,blogdown
2021-06-12,168,blogdown
2021-06-13,212,blogdown
2021-06-14,250,blogdown
2021-06-15,360,blogdown
2021-06-16,405,blogdown
2021-06-17,360,blogdown
2021-06-18,378,blogdown
2021-06-19,293,blogdown
2021-06-20,352,blogdown
2021-06-21,358,blogdown
2021-06-22,435,blogdown
2021-06-23,418,blogdown
2021-06-24,407,blogdown
2021-06-25,323,blogdown
2021-06-26,366,blogdown
2021-06-27,349,blogdown
2021-06-28,445,blogdown
2021-06-29,330,blogdown
2021-06-30,411,blogdown
2021-07-01,220,blogdown
2021-07-02,218,blogdown
2021-07-03,204,blogdown
2021-07-04,153,blogdown
2021-07-05,279,blogdown
2021-07-06,262,blogdown
2021-07-07,312,blogdown
2021-07-08,285,blogdown
2021-07-09,203,blogdown
2021-07-10,204,blogdown
2021-07-11,160,blogdown
2021-07-12,243,blogdown
2021-07-13,185,blogdown
2021-07-14,299,blogdown
2021-07-15,172,blogdown
2021-07-16,243,blogdown
2021-07-17,159,blogdown
2021-07-18,190,blogdown
2021-07-19,172,blogdown
2021-07-20,233,blogdown
2021-07-21,225,blogdown
2021-07-22,232,blogdown
2021-07-23,299,blogdown
2021-07-24,320,blogdown
2021-07-25,297,blogdown
2021-07-26,401,blogdown
2021-07-27,337,blogdown
2021-07-28,331,blogdown
2021-07-29,218,blogdown
2021-07-30,265,blogdown
2021-07-31,206,blogdown
2021-08-01,232,blogdown
2021-08-02,230,blogdown
2021-08-03,290,blogdown
2021-08-04,359,blogdown
2021-08-05,280,blogdown
2021-08-06,234,blogdown
2021-08-07,208,blogdown
2021-08-08,199,blogdown
2021-08-09,288,blogdown
2021-08-10,223,blogdown
2021-08-11,282,blogdown
2021-08-12,201,blogdown
2021-08-13,227,blogdown
2021-08-14,187,blogdown
2021-08-15,207,blogdown
2021-08-16,230,blogdown
2021-08-17,182,blogdown
2021-08-18,273,blogdown
2021-08-19,290,blogdown
2021-08-20,226,blogdown
2021-08-21,183,blogdown
2021-08-22,191,blogdown
2021-08-23,222,blogdown
2021-08-24,228,blogdown
2021-08-25,279,blogdown
2021-08-26,227,blogdown
2021-08-27,301,blogdown
2021-08-28,205,blogdown
2021-08-29,173,blogdown
2021-08-30,229,blogdown
2021-08-31,260,blogdown
2021-09-01,399,blogdown
2021-09-02,387,blogdown
2021-09-03,526,blogdown
2021-09-04,280,blogdown
2021-09-05,299,blogdown
2021-09-06,381,blogdown
2021-09-07,344,blogdown
2021-09-08,405,blogdown
2021-09-09,338,blogdown
2021-09-10,346,blogdown
2021-09-11,208,blogdown
2021-09-12,269,blogdown
2021-09-13,294,blogdown
2021-09-14,320,blogdown
2021-09-15,317,blogdown
2021-09-16,316,blogdown
2021-09-17,445,blogdown
2021-09-18,416,blogdown
2021-09-19,193,blogdown
2021-09-20,283,blogdown
2021-09-21,230,blogdown
2021-09-22,291,blogdown
2021-09-23,223,blogdown
2021-09-24,241,blogdown
2021-09-25,187,blogdown
2021-09-26,205,blogdown
2021-09-27,214,blogdown
2021-09-28,250,blogdown
2021-09-29,260,blogdown
2021-09-30,235,blogdown
2021-10-01,240,blogdown
2021-10-02,196,blogdown
2021-10-03,200,blogdown
2021-10-04,473,blogdown
2021-10-05,247,blogdown
2021-10-06,269,blogdown
2021-10-07,209,blogdown
2021-10-08,238,blogdown
2021-10-09,190,blogdown
2021-10-10,215,blogdown
2021-10-11,384,blogdown
2021-10-12,269,blogdown
2021-10-13,364,blogdown
2021-10-14,322,blogdown
2021-10-15,285,blogdown
2021-10-16,185,blogdown
2021-10-17,219,blogdown
2021-10-18,261,blogdown
2021-10-19,257,blogdown
2021-10-20,312,blogdown
2021-10-21,245,blogdown
2021-10-22,197,blogdown
2021-10-23,177,blogdown
2021-10-24,182,blogdown
2021-10-25,246,blogdown
2021-10-26,279,blogdown
2021-10-27,480,blogdown
2021-10-28,417,blogdown
2021-10-29,377,blogdown
2021-10-30,365,blogdown
2021-10-31,372,blogdown
2021-11-01,421,blogdown
2021-11-02,402,blogdown
2021-11-03,385,blogdown
2021-11-04,314,blogdown
2021-11-05,283,blogdown
2021-11-06,184,blogdown
2021-11-07,276,blogdown
2021-11-08,310,blogdown
2021-11-09,347,blogdown
2021-11-10,549,blogdown
2021-11-11,382,blogdown
2021-11-12,347,blogdown
2021-11-13,285,blogdown
2021-11-14,291,blogdown
2021-11-15,379,blogdown
2021-11-16,286,blogdown
2021-11-17,298,blogdown
2021-11-18,353,blogdown
2021-11-19,269,blogdown
2021-11-20,239,blogdown
2021-11-21,331,blogdown
2021-11-22,264,blogdown
2021-11-23,275,blogdown
2021-11-24,283,blogdown
2021-11-25,266,blogdown
2021-11-26,231,blogdown
2021-11-27,242,blogdown
2021-11-28,200,blogdown
2021-11-29,315,blogdown
2021-11-30,267,blogdown
2021-12-01,348,blogdown
2021-12-02,228,blogdown
2021-12-03,244,blogdown
2021-12-04,199,blogdown
2021-12-05,218,blogdown
2021-12-06,269,blogdown
2021-12-07,236,blogdown
2021-12-08,288,blogdown
2021-12-09,255,blogdown
2021-12-10,249,blogdown
2021-12-11,209,blogdown
2021-12-12,169,blogdown
2021-12-13,266,blogdown
2021-12-14,217,blogdown
2021-12-15,275,blogdown
2021-12-16,216,blogdown
2021-12-17,229,blogdown
2021-12-18,183,blogdown
2021-12-19,336,blogdown
2021-12-20,469,blogdown
2021-12-21,342,blogdown
2021-12-22,386,blogdown
2021-12-23,251,blogdown
2021-12-24,249,blogdown
2021-12-25,213,blogdown
2021-12-26,223,blogdown
2021-12-27,237,blogdown
2021-12-28,284,blogdown
2021-12-29,254,blogdown
2021-12-30,235,blogdown
2021-12-31,206,blogdown
2022-01-01,192,blogdown
2022-01-02,211,blogdown
2022-01-03,265,blogdown
2022-01-04,277,blogdown
2022-01-05,317,blogdown
2022-01-06,251,blogdown
2022-01-07,231,blogdown
2022-01-08,188,blogdown
2022-01-09,226,blogdown
2022-01-10,257,blogdown
2022-01-11,273,blogdown
2022-01-12,276,blogdown
2022-01-13,245,blogdown
2022-01-14,242,blogdown
2022-01-15,205,blogdown
2022-01-16,183,blogdown
2022-01-17,252,blogdown
2022-01-18,247,blogdown
2022-01-19,237,blogdown
2022-01-20,230,blogdown
2022-01-21,263,blogdown
2022-01-22,188,blogdown
2022-01-23,201,blogdown
2022-01-24,249,blogdown
2022-01-25,233,blogdown
2022-01-26,219,blogdown
2022-01-27,231,blogdown
2022-01-28,238,blogdown
2022-01-29,194,blogdown
2022-01-30,178,blogdown
2022-01-31,258,blogdown
2022-02-01,248,blogdown
2022-02-02,216,blogdown
2022-02-03,205,blogdown
2022-02-04,219,blogdown
2022-02-05,163,blogdown
2022-02-06,190,blogdown
2022-02-07,235,blogdown
2022-02-08,330,blogdown
2022-02-09,258,blogdown
2022-02-10,218,blogdown
2022-02-11,232,blogdown
2022-02-12,197,blogdown
2022-02-13,163,blogdown
2022-02-14,215,blogdown
2022-02-15,220,blogdown
2022-02-16,318,blogdown
2022-02-17,549,blogdown
2022-02-18,396,blogdown
2022-02-19,267,blogdown
2022-02-20,248,blogdown
2022-02-21,338,blogdown
2022-02-22,299,blogdown
2022-02-23,425,blogdown
2022-02-24,291,blogdown
2022-02-25,292,blogdown
2022-02-26,202,blogdown
2022-02-27,231,blogdown
2022-02-28,301,blogdown
2022-03-01,328,blogdown
2022-03-02,298,blogdown
2022-03-03,267,blogdown
2022-03-04,242,blogdown
2022-03-05,184,blogdown
2022-03-06,168,blogdown
2022-03-07,304,blogdown
2022-03-08,253,blogdown
2022-03-09,301,blogdown
2022-03-10,227,blogdown
2022-03-11,244,blogdown
2022-03-12,195,blogdown
2022-03-13,214,blogdown
2022-03-14,256,blogdown
2022-03-15,232,blogdown
2022-03-16,304,blogdown
2022-03-17,208,blogdown
2022-03-18,238,blogdown
2022-03-19,186,blogdown
2022-03-20,189,blogdown
2022-03-21,262,blogdown
2022-03-22,244,blogdown
2022-03-23,307,blogdown
2022-03-24,285,blogdown
2022-03-25,242,blogdown
2022-03-26,187,blogdown
2022-03-27,165,blogdown
2022-03-28,268,blogdown
2022-03-29,558,blogdown
2022-03-30,460,blogdown
2022-03-31,371,blogdown
2022-04-01,293,blogdown
2022-04-02,313,blogdown
2022-04-03,242,blogdown
2022-04-04,321,blogdown
2022-04-05,286,blogdown
2022-04-06,386,blogdown
2022-04-07,278,blogdown
2022-04-08,264,blogdown
2022-04-09,193,blogdown
2022-04-10,232,blogdown
2022-04-11,307,blogdown
2022-04-12,258,blogdown
2022-04-13,279,blogdown
2022-04-14,244,blogdown
2022-04-15,224,blogdown
2022-04-16,197,blogdown
2022-04-17,190,blogdown
2022-04-18,245,blogdown
2022-04-19,237,blogdown
2022-04-20,329,blogdown
2022-04-21,217,blogdown
2022-04-22,269,blogdown
2022-04-23,230,blogdown
2022-04-24,210,blogdown
2022-04-25,276,blogdown
2022-04-26,245,blogdown
2022-04-27,299,blogdown
2022-04-28,253,blogdown
2022-04-29,269,blogdown
2022-04-30,227,blogdown
2022-05-01,209,blogdown
2022-05-02,289,blogdown
2022-05-03,269,blogdown
2022-05-04,348,blogdown
2022-05-05,275,blogdown
2022-05-06,256,blogdown
2022-05-07,188,blogdown
2022-05-08,207,blogdown
2022-05-09,235,blogdown
2022-05-10,265,blogdown
2022-05-11,552,blogdown
2022-05-12,386,blogdown
2022-05-13,316,blogdown
2022-05-14,251,blogdown
2022-05-15,234,blogdown
2022-05-16,305,blogdown
2022-05-17,269,blogdown
2022-05-18,319,blogdown
2022-05-19,436,blogdown
2022-05-20,255,blogdown
2022-05-21,180,blogdown
2022-05-22,200,blogdown
2022-05-23,288,blogdown
2022-05-24,275,blogdown
2022-05-25,352,blogdown
2022-05-26,245,blogdown
2022-05-27,257,blogdown
2022-05-28,196,blogdown
2022-05-29,203,blogdown
2022-05-30,242,blogdown
2022-05-31,275,blogdown
2022-06-01,340,blogdown
2022-06-02,209,blogdown
2022-06-03,235,blogdown
2022-06-04,233,blogdown
2022-06-05,222,blogdown
2022-06-06,237,blogdown
2022-06-07,279,blogdown
2022-06-08,317,blogdown
2022-06-09,219,blogdown
2022-06-10,207,blogdown
2022-06-11,197,blogdown
2022-06-12,204,blogdown
2022-06-13,251,blogdown
2022-06-14,275,blogdown
2022-06-15,314,blogdown
2022-06-16,227,blogdown
2022-06-17,202,blogdown
2022-06-18,148,blogdown
2022-06-19,157,blogdown
2022-06-20,204,blogdown
2022-06-21,220,blogdown
2022-06-22,238,blogdown
2022-06-23,223,blogdown
2022-06-24,252,blogdown
2022-06-25,151,blogdown
2022-06-26,182,blogdown
2022-06-27,189,blogdown
2022-06-28,192,blogdown
2022-06-29,305,blogdown
2022-06-30,234,blogdown
2022-07-01,194,blogdown
2022-07-02,149,blogdown
2022-07-03,181,blogdown
2022-07-04,205,blogdown
2022-07-05,180,blogdown
2022-07-06,265,blogdown
2022-07-07,199,blogdown
2022-07-08,194,blogdown
2022-07-09,170,blogdown
2022-07-10,158,blogdown
2022-07-11,192,blogdown
2022-07-12,228,blogdown
2022-07-13,271,blogdown
2022-07-14,201,blogdown
2022-07-15,198,blogdown
2022-07-16,175,blogdown
2022-07-17,159,blogdown
2022-07-18,198,blogdown
2022-07-19,208,blogdown
2022-07-20,228,blogdown
2022-07-21,251,blogdown
2022-07-22,206,blogdown
2022-07-23,183,blogdown
2022-07-24,337,blogdown
2022-07-25,202,blogdown
2022-07-26,208,blogdown
2022-07-27,285,blogdown
2022-07-28,197,blogdown
2022-07-29,189,blogdown
2022-07-30,161,blogdown
2022-07-31,190,blogdown
2022-08-01,222,blogdown
2022-08-02,188,blogdown
2022-08-03,275,blogdown
2022-08-04,199,blogdown
2022-08-05,192,blogdown
2022-08-06,180,blogdown
2022-08-07,151,blogdown
2022-08-08,478,blogdown
2022-08-09,271,blogdown
2022-08-10,482,blogdown
2022-08-11,387,blogdown
2022-08-12,343,blogdown
2022-08-13,188,blogdown
2022-08-14,230,blogdown
2022-08-15,332,blogdown
2022-08-16,263,blogdown
2022-08-17,337,blogdown
2022-08-18,0,blogdown
2022-08-19,0,blogdown
